{
  "project_info": {
    "project_number": "462176231688",
    "firebase_url": "https://staying-brave.firebaseio.com",
    "project_id": "staying-brave",
    "storage_bucket": "staying-brave.appspot.com"
  },
  "client": [
    {
      "client_info": {
        "mobilesdk_app_id": "1:462176231688:android:b4e19ae6d450240f",
        "android_client_info": {
          "package_name": "com.rujikasajeev.stayingbrave247"
        }
      },
      "oauth_client": [
        {
          "client_id": "462176231688-c4hfp6l8k5cofsd1249tu0ild4e4790m.apps.googleusercontent.com",
          "client_type": 3
        }
      ],
      "api_key": [
        {
          "current_key": "AIzaSyDQ6Q0EpxwdNY1QIi9TJG-2KT3u8OnvXB0"
        }
      ],
      "services": {
        "analytics_service": {
          "status": 1
        },
        "appinvite_service": {
          "status": 1,
          "other_platform_oauth_client": []
        },
        "ads_service": {
          "status": 2
        }
      }
    }
  ],
  "configuration_version": "1"
}